DROP TABLE IF EXISTS `module`;
CREATE TABLE `module` (
  `id` bigint(20) NOT NULL AUTO_INCREMENT,
  `created_time` datetime DEFAULT NULL,
  `last_modified_time` datetime DEFAULT NULL,
  `version` int(11) NOT NULL,
  `description` varchar(255) DEFAULT NULL,
  `module_name` varchar(255) DEFAULT NULL,
  `role_prefix` varchar(255) DEFAULT NULL,
  PRIMARY KEY (`id`)
) ENGINE=InnoDB AUTO_INCREMENT=10 DEFAULT CHARSET=latin1;

DROP TABLE IF EXISTS `role`;
CREATE TABLE `role` (
  `id` bigint(20) NOT NULL AUTO_INCREMENT,
  `created_time` datetime DEFAULT NULL,
  `last_modified_time` datetime DEFAULT NULL,
  `version` int(11) NOT NULL,
  `description` varchar(255) DEFAULT NULL,
  `name` varchar(255) DEFAULT NULL,
  `module` bigint(20) DEFAULT NULL,
  PRIMARY KEY (`id`),
  KEY `FK358076C2A1EB35` (`module`),
  CONSTRAINT `FK358076C2A1EB35` FOREIGN KEY (`module`) REFERENCES `module` (`id`)
) ENGINE=InnoDB AUTO_INCREMENT=503 DEFAULT CHARSET=latin1;

DROP TABLE IF EXISTS `user_group`;
CREATE TABLE `user_group` (
  `id` bigint(20) NOT NULL AUTO_INCREMENT,
  `created_time` datetime DEFAULT NULL,
  `last_modified_time` datetime DEFAULT NULL,
  `version` int(11) NOT NULL,
  `description` varchar(255) DEFAULT NULL,
  `name` varchar(255) DEFAULT NULL,
  PRIMARY KEY (`id`),
  UNIQUE KEY `name` (`name`)
) ENGINE=InnoDB AUTO_INCREMENT=11 DEFAULT CHARSET=latin1;

DROP TABLE IF EXISTS `user`;
CREATE TABLE `user` (
  `dtype` varchar(31) NOT NULL,
  `id` bigint(20) NOT NULL AUTO_INCREMENT,
  `created_time` datetime DEFAULT NULL,
  `last_modified_time` datetime DEFAULT NULL,
  `version` int(11) NOT NULL,
  `address` varchar(255) DEFAULT NULL,
  `birthday` datetime DEFAULT NULL,
  `city` varchar(255) DEFAULT NULL,
  `corporate_user` bit(1) NOT NULL,
  `country` varchar(255) DEFAULT NULL,
  `created_by` varchar(255) DEFAULT NULL,
  `current_login` datetime DEFAULT NULL,
  `domain` varchar(255) DEFAULT NULL,
  `domain_id` varchar(255) DEFAULT NULL,
  `email` varchar(255) DEFAULT NULL,
  `email_verification_code` varchar(255) DEFAULT NULL,
  `email_verified` bit(1) NOT NULL,
  `enabled` bit(1) NOT NULL,
  `first_name` varchar(255) DEFAULT NULL,
  `gender` varchar(255) DEFAULT NULL,
  `land_no` varchar(255) DEFAULT NULL,
  `last_email_send_date` datetime DEFAULT NULL,
  `last_login` datetime DEFAULT NULL,
  `last_name` varchar(255) DEFAULT NULL,
  `last_password_updated_date` datetime DEFAULT NULL,
  `last_sms_send_date` datetime DEFAULT NULL,
  `ldap_user` bit(1) NOT NULL,
  `login_attempt_count` int(11) DEFAULT NULL,
  `mobile_no` varchar(255) DEFAULT NULL,
  `mpin` varchar(255) DEFAULT NULL,
  `msisdn_verification_code` varchar(255) DEFAULT NULL,
  `msisdn_verified` bit(1) NOT NULL,
  `operator` varchar(255) DEFAULT NULL,
  `password` varchar(255) DEFAULT NULL,
  `phone_model` varchar(255) DEFAULT NULL,
  `phone_type` varchar(255) DEFAULT NULL,
  `post_code` varchar(255) DEFAULT NULL,
  `previous_password` varchar(255) DEFAULT NULL,
  `profession` varchar(255) DEFAULT NULL,
  `province` varchar(255) DEFAULT NULL,
  `user_id` varchar(100) NOT NULL,
  `status` varchar(255) DEFAULT NULL,
  `type` varchar(255) DEFAULT NULL,
  `username` varchar(255) DEFAULT NULL,
  `contact_person_email` varchar(255) DEFAULT NULL,
  `contact_person_name` varchar(255) DEFAULT NULL,
  `contact_person_phone` varchar(255) DEFAULT NULL,
  `industry` varchar(255) DEFAULT NULL,
  `fax_no` varchar(255) DEFAULT NULL,
  `org_name` varchar(255) DEFAULT NULL,
  `phone_numbers` varchar(255) DEFAULT NULL,
  `org_size` varchar(255) DEFAULT NULL,
  `corperate_parent_id` bigint(20) DEFAULT NULL,
  `user_group` bigint(20) DEFAULT NULL,
  `beneficiary_name` varchar(255) DEFAULT NULL,
  `bank_code` varchar(255) DEFAULT NULL,
  `bank_branch_code` varchar(255) DEFAULT NULL,
  `bank_branch_name` varchar(255) DEFAULT NULL,
  `bank_account_number` varchar(255) DEFAULT NULL,
  `first_time_login` bit(1) DEFAULT NULL,
  `msisdn_verification_attempts` int(11) DEFAULT NULL,
  `msisdn_verification_code_requests_count` int(11) DEFAULT NULL,
  `msisdn_change_attempts` int(11) DEFAULT NULL,
  `msisdn_verify_skip` bit(1) NOT NULL,
  PRIMARY KEY (`id`),
  UNIQUE KEY `user_id` (`user_id`),
  KEY `FK36EBCB96049DE8` (`user_group`),
  KEY `FK36EBCBD717E5AE` (`corperate_parent_id`),
  CONSTRAINT `FK36EBCB96049DE8` FOREIGN KEY (`user_group`) REFERENCES `user_group` (`id`),
  CONSTRAINT `FK36EBCBD717E5AE` FOREIGN KEY (`corperate_parent_id`) REFERENCES `user` (`id`)
) ENGINE=InnoDB DEFAULT CHARSET=latin1;

DROP TABLE IF EXISTS `user_group_roles`;
CREATE TABLE `user_group_roles` (
  `user_group` bigint(20) NOT NULL,
  `roles` bigint(20) NOT NULL,
  PRIMARY KEY (`user_group`,`roles`),
  KEY `FKE49FBE89D745AB02` (`user_group`),
  KEY `FKE49FBE892098A0D0` (`roles`),
  CONSTRAINT `FKE49FBE892098A0D0` FOREIGN KEY (`roles`) REFERENCES `role` (`id`),
  CONSTRAINT `FKE49FBE89D745AB02` FOREIGN KEY (`user_group`) REFERENCES `user_group` (`id`)
) ENGINE=InnoDB DEFAULT CHARSET=latin1;

DROP TABLE IF EXISTS `user_roles`;
CREATE TABLE `user_roles` (
  `user` bigint(20) NOT NULL,
  `roles` bigint(20) NOT NULL,
  PRIMARY KEY (`user`,`roles`),
  KEY `FK734299492098A0D0` (`roles`),
  KEY `FK734299492B014158` (`user`),
  CONSTRAINT `FK734299492098A0D0` FOREIGN KEY (`roles`) REFERENCES `role` (`id`),
  CONSTRAINT `FK734299492B014158` FOREIGN KEY (`user`) REFERENCES `user` (`id`)
) ENGINE=InnoDB DEFAULT CHARSET=latin1;

INSERT INTO `module` VALUES (1,NULL,NULL,0,'The Common Registration module','registration','ROLE_REG_'),
(5,NULL,NULL,0,'The Provisioning module','provisioning','ROLE_PROV_'),
(7,NULL,NULL,0,'The Admin module','admin','ROLE_ADM_'),
(8,NULL,NULL,0,'The Reporting module','report-viewer','ROLE_SDP_RPT_'),
(9,NULL,NULL,0,'wap user','wap','ROLE_WAP_');

INSERT INTO `role` VALUES (1,NULL,NULL,0,'Common registration login','ROLE_REG_LOGIN',1),
(2,NULL,NULL,0,'Consumer PI registration','ROLE_REG_CONSUMER_PI_REG',1),
(3,NULL,NULL,0,'Co-operate users PI registration','ROLE_REG_COOPERATE_USER_PI_REG',1),
(4,NULL,NULL,0,'Add Sub-Cooperate users','ROLE_REG_ADD_SUB_COOPERATE_USER',1),
(5,NULL,NULL,0,'View Sub-Cooperate users','ROLE_REG_VIEW_SUB_COOPERATE_USER',1),
(6,NULL,NULL,0,'Edit Sub-Cooperate users','ROLE_REG_EDIT_SUB_COOPERATE_USER',1),
(7,NULL,NULL,0,'Delete Sub-Cooperate users','ROLE_REG_DELETE_SUB_COOPERATE_USER',1),
(8,NULL,NULL,0,'Add system users','ROLE_REG_ADD_SYS_USER',1),
(9,NULL,NULL,0,'Search system users','ROLE_REG_SEARCH_SYS_USER',1),
(10,NULL,NULL,0,'Modify system users','ROLE_REG_EDIT_SYS_USER',1),
(11,NULL,NULL,0,'Change Password system users','ROLE_REG_CHANGE_PASSWD_SYS_USER',1),
(12,NULL,NULL,0,'Delete system users','ROLE_REG_DELETE_SYS_USER',1),
(13,NULL,NULL,0,'Add users group','ROLE_REG_ADD_USER_GROUP',1),
(14,NULL,NULL,0,'Search users group','ROLE_REG_SEARCH_USER_GROUP',1),
(15,NULL,NULL,0,'Modify users group','ROLE_REG_EDIT_USER_GROUP',1),
(16,NULL,NULL,0,'Delete users group','ROLE_REG_DELETE_USER_GROUP',1),
(17,NULL,NULL,0,'Add users role','ROLE_REG_ADD_USER_ROLE',1),
(18,NULL,NULL,0,'Search users role','ROLE_REG_SEARCH_USER_ROLE',1),
(19,NULL,NULL,0,'Modify users role','ROLE_REG_MODIFY_USER_ROLE',1),
(20,NULL,NULL,0,'Delete users role','ROLE_REG_DELETE_USER_ROLE',1),
(21,NULL,NULL,0,'Add module','ROLE_REG_ADD_MODULE',1),
(22,NULL,NULL,0,'Search module','ROLE_REG_SEARCH_MODULE',1),
(23,NULL,NULL,0,'Modify module','ROLE_REG_MODIFY_MODULE',1),
(24,NULL,NULL,0,'Delete module','ROLE_REG_DELETE_MODULE',1),
(95,NULL,NULL,0,'Provisioning login','ROLE_PROV_LOGIN',5),
(96,NULL,NULL,0,'Provisioning side menu register sp item permission','ROLE_PROV_SIDE_MENU_REGISTER_SP',5),
(97,NULL,NULL,0,'Provisioning side menu new sp requests item permission','ROLE_PROV_SIDE_MENU_NEW_SP_REQUESTS',5),
(98,NULL,NULL,0,'Provisioning Enable SP','ROLE_PROV_SP_ACTION_ENABLE',5),
(99,NULL,NULL,0,'Search SP','ROLE_PROV_SEARCH_SP',5),
(100,NULL,NULL,0,'Delete SP','ROLE_PROV_DELETE_SP',5),
(101,NULL,NULL,0,'Provisioning Edit SP','ROLE_PROV_SP_ACTION_EDIT',5),
(102,NULL,NULL,0,'Configure SP PI','ROLE_PROV_CONFIG_SP_PI',5),
(103,NULL,NULL,0,'Cancel SP request','ROLE_PROV_CANCEL_SP_REQ',5),
(104,NULL,NULL,0,'Provisioning Reject SP','ROLE_PROV_SP_ACTION_REJECT',5),
(105,NULL,NULL,0,'Search SP users requests','ROLE_PROV_SEARCH_SP_REQ',5),
(106,NULL,NULL,0,'Provisioning Suspend SP','ROLE_PROV_SP_ACTION_SUSPEND',5),
(107,NULL,NULL,0,'Provisioning Approve SP','ROLE_PROV_SP_ACTION_APPROVE',5),
(108,NULL,NULL,0,'SP CR search','ROLE_PROV_SP_CR_SEARCH',5),
(109,NULL,NULL,0,'SP CR view','ROLE_PROV_SP_CR_VIEW',5),
(110,NULL,NULL,0,'SP CR approve','ROLE_PROV_SP_CR_APPROVES',5),
(111,NULL,NULL,0,'SP CR reject','ROLE_PROV_SP_CR_REJECT',5),
(112,NULL,NULL,0,'Provisioning side menu create application item permission','ROLE_PROV_SIDE_MENU_CREATE_APP',5),
(113,NULL,NULL,0,'Provisioning side menu view application item permission','ROLE_PROV_SIDE_MENU_VIEW_APP',5),
(114,NULL,NULL,0,'Search app','ROLE_PROV_SEARCH_APP',5),
(115,NULL,NULL,0,'Approve app','ROLE_PROV_APPROVE_APP',5),
(116,NULL,NULL,0,'Publish app','ROLE_PROV_PUBLISH_APP',5),
(117,NULL,NULL,0,'Edit app','ROLE_PROV_EDIT_APP',5),
(118,NULL,NULL,0,'Cancel app','ROLE_PROV_CANCEL_APP',5),
(119,NULL,NULL,0,'Delete app','ROLE_PROV_DELETE_APP',5),
(120,NULL,NULL,0,'Apply for active production','ROLE_PROV_APPLY_FOR_ACTIVE_PROD',5),
(121,NULL,NULL,0,'Approve for active production','ROLE_PROV_APPROVE_FOR_ACTIVE_PROD',5),
(122,NULL,NULL,0,'Approve to limited production','ROLE_PROV_APPROVE_FOR_LIMITED_PROD',5),
(123,NULL,NULL,0,'Apply to limited production','ROLE_PROV_APPLY_FOR_LIMITED_PROD',5),
(124,NULL,NULL,0,'Reject app','ROLE_PROV_REJECT_APP',5),
(125,NULL,NULL,0,'Suspend app','ROLE_PROV_SUSPEND_APP',5),
(126,NULL,NULL,0,'Terminate app','ROLE_PROV_TERMINATE_APP',5),
(127,NULL,NULL,0,'Start App CR flow','ROLE_PROV_START_APP_CR',5),
(128,NULL,NULL,0,'Edit app SLA','ROLE_PROV_EDIT_APP_SLA',5),
(129,NULL,NULL,0,'Edit NCS SLA','ROLE_PROV_EDIT_NCS_SLA',5),
(130,NULL,NULL,0,'Edit routing key','ROLE_PROV_EDIT_RK',5),
(131,NULL,NULL,0,'Add NCS','ROLE_PROV_ADD_NCS',5),
(132,NULL,NULL,0,'Remove NCS','ROLE_PROV_REMOVE_NCS',5),
(133,NULL,NULL,0,'Reset app password','ROLE_PROV_RESET_APP_PASSWD',5),
(146,NULL,NULL,0,'Admin login','ROLE_ADM_LOGIN',7),
(147,NULL,NULL,0,'Subscription – Search','ROLE_ADM_SEARCH_SUBSCRIPTION',7),
(148,NULL,NULL,0,'Subscription – View','ROLE_ADM_VIEW_SUBSCRIPTION',7),
(149,NULL,NULL,0,'Subscription – Unsubscribe','ROLE_ADM_UNSUBSCRIBE_SUBSCRIPTION',7),
(150,NULL,NULL,0,'Advertising – List','ROLE_ADM_LIST_ADVERTISING',7),
(151,NULL,NULL,0,'Advertising – Create','ROLE_ADM_CREATE_ADVERTISING',7),
(152,NULL,NULL,0,'Advertising – Change','ROLE_ADM_EDIT_ADVERTISING',7),
(153,NULL,NULL,0,'Advertising – Remove','ROLE_ADM_REMOVE_ADVERTISING',7),
(154,NULL,NULL,0,'Governance – Manual Filtering – Allow MT','ROLE_ADM_ALLOW_MT',7),
(155,NULL,NULL,0,'Governance – Manual Filtering – Reject MT','ROLE_ADM_REJECT_MT',7),
(156,NULL,NULL,0,'Governance – Suspend Cooperate users','ROLE_ADM_SUSPEND_COOPERATE_USER',7),
(157,NULL,NULL,0,'Governance – Activate Cooperate users','ROLE_ADM_ACTIVATE_COOPERATE_USER',7),
(158,NULL,NULL,0,'Governance – Suspend App','ROLE_ADM_SUSPEND_APP',7),
(159,NULL,NULL,0,'Governance – Activate App','ROLE_ADM_ACTIVATE_APP',7),
(160,NULL,NULL,0,'Governance – Manual filtering report view','ROLE_ADM_MANUAL_FILTERING_RPT',7),
(161,NULL,NULL,0,'Governance – Abuse report view','ROLE_ADM_ABUSE_RPT',7),
(162,NULL,NULL,0,'Governance – Unsubscriber users','ROLE_ADM_UNSUBSCRIBE_USER',7),
(163,NULL,NULL,0,'Governance – Message history view','ROLE_ADM_MSG_HISTORY_VIEW',7),
(164,NULL,NULL,0,'Governance – mark valid/invalid messages','ROLE_ADM_MARK_MSG_STATUS',7),
(168,NULL,NULL,0,'sdp report viewer login','ROLE_SDP_RPT_LOGIN',8),
(169,NULL,NULL,0,'sdp overall report viewer','ROLE_SDP_RPT_OVERALL_REV_TRAFF',8),
(170,NULL,NULL,0,'sdp corporate users based report viewer','ROLE_SDP_RPT_CORPORATE_REV_TRAFF',8),
(171,NULL,NULL,0,'sdp app wise report viewer','ROLE_SDP_RPT_APP_REV_TRAFF',8),
(173,NULL,NULL,0,'ncs wise report viewer','ROLE_SDP_RPT_NCS_REV_TRAFF',8),
(174,NULL,NULL,0,'sdp failed transaction report viewer','ROLE_SDP_RPT_FAILED_TRANS',8),
(175,NULL,NULL,0,'sdp ad wise advertisement report viewer','ROLE_SDP_RPT_ADV_AD_WISE',8),
(176,NULL,NULL,0,'sdp app wise advertisement report viewer','ROLE_SDP_RPT_APP_WISE',8),
(180,NULL,NULL,0,'Detailed transaction report (Customer Care)','ROLE_SDP_RPT_CC_DETAILED_TRANS',8),
(181,NULL,NULL,0,'Failed Transaction report (Customer Care)','ROLE_SDP_RPT_CC_FAILED_TRANS',8),
(182,NULL,NULL,1,'login permission for wap','ROLE_WAP_LOGIN',9),
(183,NULL,NULL,0,'sdp reconciliation report viewer','ROLE_SDP_RPT_REC_REP',8),
(184,NULL,NULL,0,'sdp governance report viewer','ROLE_SDP_RPT_GOV_REP',8),
(185,NULL,NULL,1,'customer care view subscription','ROLE_ADM_CC_VIEW_SUBSCRIPTION',7),
(186,NULL,NULL,1,'customer care search subscription','ROLE_ADM_CC_SEARCH_SUBSCRIPTION',7),
(237,NULL,NULL,0,'Prov main app id read permission','ROLE_PROV_APP_READ_APP_ID',5),
(238,NULL,NULL,0,'Prov main app id write permission','ROLE_PROV_APP_WRITE_APP_ID',5),
(239,NULL,NULL,0,'Prov main app name read permission','ROLE_PROV_APP_READ_APP_NAME',5),
(240,NULL,NULL,0,'Prov main app name write permission','ROLE_PROV_APP_WRITE_APP_NAME',5),
(241,NULL,NULL,0,'Prov main app description read permission','ROLE_PROV_APP_READ_DESCRIPTION',5),
(242,NULL,NULL,0,'Prov main app description write permission','ROLE_PROV_APP_WRITE_DESCRIPTION',5),
(243,NULL,NULL,0,'Prov main allow host addresses read permission','ROLE_PROV_APP_READ_ALLOW_HOST_ADDRESS',5),
(244,NULL,NULL,0,'Prov main allow host addresses write permission','ROLE_PROV_APP_WRITE_ALLOW_HOST_ADDRESS',5),
(245,NULL,NULL,0,'Prov main white list read permission','ROLE_PROV_APP_READ_WHITE_LIST',5),
(246,NULL,NULL,0,'Prov main white list write permission','ROLE_PROV_APP_WRITE_WHITE_LIST',5),
(247,NULL,NULL,0,'Prov main black list read permission','ROLE_PROV_APP_READ_BLACK_LIST',5),
(248,NULL,NULL,0,'Prov main black list write permission','ROLE_PROV_APP_WRITE_BLACK_LIST',5),
(249,NULL,NULL,0,'Prov main revenue share read permission','ROLE_PROV_APP_READ_REVENUE_SHARE',5),
(250,NULL,NULL,0,'Prov main revenue share write permission','ROLE_PROV_APP_WRITE_REVENUE_SHARE',5),
(251,NULL,NULL,0,'Prov main remarks read permission','ROLE_PROV_APP_READ_REMARKS',5),
(252,NULL,NULL,0,'Prov main remarks write permission','ROLE_PROV_APP_WRITE_REMARKS',5),
(253,NULL,NULL,0,'Prov main production request date read permission','ROLE_PROV_APP_READ_PRODUCTION_REQUEST_DATE',5),
(254,NULL,NULL,0,'Prov main production request date write permission','ROLE_PROV_APP_WRITE_PRODUCTION_REQUEST_DATE',5),
(255,NULL,NULL,0,'Prov main production start date read permission','ROLE_PROV_APP_READ_PRODUCTION_START_DATE',5),
(256,NULL,NULL,0,'Prov main production start date write permission','ROLE_PROV_APP_WRITE_PRODUCTION_START_DATE',5),
(257,NULL,NULL,0,'Prov main allow expiration read permission','ROLE_PROV_APP_READ_ALLOW_EXPIRATION',5),
(258,NULL,NULL,0,'Prov main allow expiration write permission','ROLE_PROV_APP_WRITE_ALLOW_EXPIRATION',5),
(259,NULL,NULL,0,'Prov main production end date read permission','ROLE_PROV_APP_READ_PRODUCTION_END_DATE',5),
(260,NULL,NULL,0,'Prov main production end date write permission','ROLE_PROV_APP_WRITE_PRODUCTION_END_DATE',5),
(261,NULL,NULL,0,'Prov main active start date read permission','ROLE_PROV_APP_READ_ACTIVE_START_DATE',5),
(262,NULL,NULL,0,'Prov main active start date write permission','ROLE_PROV_APP_WRITE_ACTIVE_START_DATE',5),
(267,NULL,NULL,0,'Prov main masking read permission','ROLE_PROV_APP_READ_MASKING',5),
(268,NULL,NULL,0,'Prov main masking write permission','ROLE_PROV_APP_WRITE_MASKING',5),
(269,NULL,NULL,0,'Prov main apply tax read permission','ROLE_PROV_APP_READ_APPLY_TAX',5),
(270,NULL,NULL,0,'Prov main apply tax write permission','ROLE_PROV_APP_WRITE_APPLY_TAX',5),
(293,NULL,NULL,0,'Subscription max msg per day read permission','ROLE_PROV_SUBSCRIPTION_READ_MAX_MSG_PER_DAY',5),
(294,NULL,NULL,0,'Subscription max msg per day write permission','ROLE_PROV_SUBSCRIPTION_WRITE_MAX_MSG_PER_DAY',5),
(295,NULL,NULL,0,'Subscription reg response read permission','ROLE_PROV_SUBSCRIPTION_READ_REG_RESPONSE',5),
(296,NULL,NULL,0,'Subscription reg response write permission','ROLE_PROV_SUBSCRIPTION_WRITE_REG_RESPONSE',5),
(297,NULL,NULL,0,'Subscription unreg response read permission','ROLE_PROV_SUBSCRIPTION_READ_UN_REG_RESPONSE',5),
(298,NULL,NULL,0,'Subscription unreg response write permission','ROLE_PROV_SUBSCRIPTION_WRITE_UN_REG_RESPONSE',5),
(301,NULL,NULL,0,'Subscription charging type read permission','ROLE_PROV_SUBSCRIPTION_READ_CHARGING_TYPE',5),
(302,NULL,NULL,0,'Subscription charging type write permission','ROLE_PROV_SUBSCRIPTION_WRITE_CHARGING_TYPE',5),
(303,NULL,NULL,0,'Subscription charging frequency read permission','ROLE_PROV_SUBSCRIPTION_READ_CHARGING_FREQUENCY',5),
(304,NULL,NULL,0,'Subscription charging frequency write permission','ROLE_PROV_SUBSCRIPTION_WRITE_CHARGING_FREQUENCY',5),
(305,NULL,NULL,0,'Subscription charging amount read permission','ROLE_PROV_SUBSCRIPTION_READ_CHARGING_AMOUNT',5),
(306,NULL,NULL,0,'Subscription charging amount write permission','ROLE_PROV_SUBSCRIPTION_WRITE_CHARGING_AMOUNT',5),
(307,NULL,NULL,0,'Sms short code select read permission','ROLE_PROV_SMS_READ_SHORT_CODE_SELECT',5),
(308,NULL,NULL,0,'Sms short code select write permission','ROLE_PROV_SMS_WRITE_SHORT_CODE_SELECT',5),
(309,NULL,NULL,0,'Sms keyword read permission','ROLE_PROV_SMS_READ_KEYWORD',5),
(310,NULL,NULL,0,'Sms keyword write permission','ROLE_PROV_SMS_WRITE_KEYWORD',5),
(311,NULL,NULL,0,'Sms connection url read permission','ROLE_PROV_SMS_READ_CONNECTION_URL',5),
(312,NULL,NULL,0,'Sms connection url write permission','ROLE_PROV_SMS_WRITE_CONNECTION_URL',5),
(313,NULL,NULL,0,'Sms mo tps read permission','ROLE_PROV_SMS_READ_MO_TPS',5),
(314,NULL,NULL,0,'Sms mo tps write permission','ROLE_PROV_SMS_WRITE_MO_TPS',5),
(315,NULL,NULL,0,'Sms mo tpd read permission','ROLE_PROV_SMS_READ_MO_TPD',5),
(316,NULL,NULL,0,'Sms mo tpd write permission','ROLE_PROV_SMS_WRITE_MO_TPD',5),
(317,NULL,NULL,0,'Sms mo charging type read permission','ROLE_PROV_SMS_MO_CHARGING_READ_CHARGING_TYPE',5),
(318,NULL,NULL,0,'Sms mo charging type write permission','ROLE_PROV_SMS_MO_CHARGING_WRITE_CHARGING_TYPE',5),
(319,NULL,NULL,0,'Sms default sender address read permission','ROLE_PROV_SMS_READ_DEFAULT_SENDER_ADDRESS',5),
(320,NULL,NULL,0,'Sms default sender address write permission','ROLE_PROV_SMS_WRITE_DEFAULT_SENDER_ADDRESS',5),
(321,NULL,NULL,0,'Sms aliasing read permission','ROLE_PROV_SMS_READ_ALIASING',5),
(322,NULL,NULL,0,'Sms aliasing write permission','ROLE_PROV_SMS_WRITE_ALIASING',5),
(323,NULL,NULL,0,'Sms mt tps read permission','ROLE_PROV_SMS_READ_MT_TPS',5),
(324,NULL,NULL,0,'Sms mt tps write permission','ROLE_PROV_SMS_WRITE_MT_TPS',5),
(325,NULL,NULL,0,'Sms mt tpd read permission','ROLE_PROV_SMS_READ_MT_TPD',5),
(326,NULL,NULL,0,'Sms mt tpd write permission','ROLE_PROV_SMS_WRITE_MT_TPD',5),
(327,NULL,NULL,0,'Sms delivery report read permission','ROLE_PROV_SMS_READ_DELIVERY_REPORT',5),
(328,NULL,NULL,0,'Sms delivery report write permission','ROLE_PROV_SMS_WRITE_DELIVERY_REPORT',5),
(329,NULL,NULL,0,'Sms delivery report url read permission','ROLE_PROV_SMS_READ_DELIVERY_REPORT_URL',5),
(330,NULL,NULL,0,'Sms delivery report url write permission','ROLE_PROV_SMS_WRITE_DELIVERY_REPORT_URL',5),
(331,NULL,NULL,0,'Sms mt charging type read permission','ROLE_PROV_SMS_MT_CHARGING_READ_CHARGING_TYPE',5),
(332,NULL,NULL,0,'Sms mt charging type write permission','ROLE_PROV_SMS_MT_CHARGING_WRITE_CHARGING_TYPE',5),
(333,NULL,NULL,0,'Sms subscription required read permission','ROLE_PROV_SMS_READ_SUBSCRIPTION_REQUIRED',5),
(334,NULL,NULL,0,'Sms subscription required write permission','ROLE_PROV_SMS_WRITE_SUBSCRIPTION_REQUIRED',5),
(335,NULL,NULL,0,'Common sdp short code view permission','ROLE_PROV_COMMON_SDP_SHORT_CODE',5),
(337,NULL,NULL,0,'Common premium short code view permission','ROLE_PROV_COMMON_PREMIUM_SHORT_CODE',5),
(338,NULL,NULL,0,'Common home url view permission','ROLE_PROV_COMMON_HOME_URL',5),
(339,NULL,NULL,0,'Common registration url view permission','ROLE_PROV_COMMON_REGISTRATION_URL',5),
(341,NULL,NULL,0,'Common reporting url view permission','ROLE_PROV_COMMON_REPORTING_URL',5),
(342,NULL,NULL,0,'Common admin url view permission','ROLE_PROV_COMMON_ADMIN_URL',5),
(343,NULL,NULL,0,'Common consumer self care url view permission','ROLE_PROV_COMMON_CONSUMER_SELF_CARE_URL',5),
(344,NULL,NULL,0,'Common admin self care url view permission','ROLE_PROV_COMMON_ADMIN_SELF_CARE_URL',5),
(360,NULL,NULL,0,'Display provisioning in header menu','ROLE_SDP_RPT_HEADER_MENU_PROVISIONING',8),
(361,NULL,NULL,0,'Display admin in header menu','ROLE_SDP_RPT_HEADER_MENU_ADMIN',8),
(362,NULL,NULL,0,'Display registration in header menu','ROLE_SDP_RPT_HEADER_MENU_REGISTRATION',8),
(364,NULL,NULL,0,'Provisioning edit application action permission','ROLE_PROV_APP_ACTION_EDIT',5),
(365,NULL,NULL,0,'Provisioning delete application action permission','ROLE_PROV_APP_ACTION_DELETE',5),
(366,NULL,NULL,0,'Provisioning move to draft application action permission','ROLE_PROV_APP_ACTION_MOVE_TO_DRAFT',5),
(367,NULL,NULL,0,'Provisioning suspend application action permission','ROLE_PROV_APP_ACTION_SUSPEND',5),
(368,NULL,NULL,0,'Provisioning approve application action permission','ROLE_PROV_APP_ACTION_APPROVE',5),
(369,NULL,NULL,0,'Provisioning reject application action permission','ROLE_PROV_APP_ACTION_REJECT',5),
(370,NULL,NULL,0,'Provisioning restore application action permission','ROLE_PROV_APP_ACTION_RESTORE',5),
(371,NULL,NULL,0,'Provisioning terminate application action permission','ROLE_PROV_APP_ACTION_TERMINATE',5),
(372,NULL,NULL,0,'Provisioning request active production application action permission','ROLE_PROV_APP_ACTION_REQUEST_ACTIVE_PRODUCTION',5),
(373,NULL,NULL,0,'Provisioning request limited production application action permission','ROLE_PROV_APP_ACTION_REQUEST_REQUEST_LIMITED_PRODUCTION',5),
(374,NULL,NULL,0,'Provisioning side menu manage sp item permission','ROLE_PROV_SIDE_MENU_MANAGE_SP',5),
(375,NULL,NULL,0,'Provisioning side menu manage application item permission','ROLE_PROV_SIDE_MENU_MANAGE_APP',5),
(376,NULL,NULL,0,'Provisioning side menu manage build files item permission','ROLE_PROV_SIDE_MENU_MANAGE_BUILD_FILES',5),
(377,NULL,NULL,0,'Provisioning side menu upload build files item permission','ROLE_PROV_SIDE_MENU_UPLOAD_BUILD_FILES',5),
(378,NULL,NULL,0,'Provisioning side menu cancel sp item permission','ROLE_PROV_SIDE_MENU_CANCEL_SP',5),
(379,NULL,NULL,0,'Provisioning side menu edit sp item permission','ROLE_PROV_SIDE_MENU_EDIT_SP',5),
(380,NULL,NULL,0,'Provisioning side menu new application requests item permission','ROLE_PROV_SIDE_MENU_NEW_APP_REQUESTS',5),
(382,NULL,NULL,0,'Display payment gateway self care in header menu','ROLE_SDP_RPT_HEADER_MENU_PGW_SELF_CARE',8),
(383,NULL,NULL,0,'Display payment gateway admin care in header menu','ROLE_SDP_RPT_HEADER_MENU_PGW_ADMIN_CARE',8),
(384,NULL,NULL,0,'PGW Detail Transactions report (Customer Care)','ROLE_PGW_RPT_DETAIL__TRANS',8),
(385,NULL,NULL,0,'PGW Payment Instruments Revenue report','ROLE_PGW_RPT_PAYMENT_INSTRUMENT_REVENUE',8),
(386,NULL,NULL,0,'PGW Application Based Revenue report','ROLE_PGW_APPLICATION_BASED_REVENUE',8),
(387,NULL,NULL,0,'PGW Subscriber Repayment report','ROLE_PGW_SUBSCRIBER_REPAYMENT',8),
(423,NULL,NULL,0,'Subscription allowed payment instrument read permission','ROLE_PROV_SUBSCRIPTION_READ_ALLOWED_PAYMENT_INSTRUMENT',5),
(424,NULL,NULL,0,'Subscription allowed payment instrument write permission','ROLE_PROV_SUBSCRIPTION_WRITE_ALLOWED_PAYMENT_INSTRUMENT',5),
(425,NULL,NULL,0,'Sms mo charging party read permission','ROLE_PROV_SMS_MO_CHARGING_READ_CHARGING_PARTY',5),
(426,NULL,NULL,0,'Sms mo charging party write permission','ROLE_PROV_SMS_MO_CHARGING_WRITE_CHARGING_PARTY',5),
(427,NULL,NULL,0,'Sms mo allowed payment instrument read permission','ROLE_PROV_SMS_MO_CHARGING_READ_ALLOWED_PAYMENT_INSTRUMENT',5),
(428,NULL,NULL,0,'Sms mo allowed payment instrument write permission','ROLE_PROV_SMS_MO_CHARGING_WRITE_ALLOWED_PAYMENT_INSTRUMENT',5),
(429,NULL,NULL,0,'Sms mo charging amount read permission','ROLE_PROV_SMS_MO_CHARGING_READ_CHARGING_AMOUNT',5),
(430,NULL,NULL,0,'Sms mo charging amount write permission','ROLE_PROV_SMS_MO_CHARGING_WRITE_CHARGING_AMOUNT',5),
(431,NULL,NULL,0,'Sms mt charging party read permission','ROLE_PROV_SMS_MT_CHARGING_READ_CHARGING_PARTY',5),
(432,NULL,NULL,0,'Sms mt charging party write permission','ROLE_PROV_SMS_MT_CHARGING_WRITE_CHARGING_PARTY',5),
(433,NULL,NULL,0,'Sms mt allowed payment instrument read permission','ROLE_PROV_SMS_MT_CHARGING_READ_ALLOWED_PAYMENT_INSTRUMENT',5),
(434,NULL,NULL,0,'Sms mt allowed payment instrument write permission','ROLE_PROV_SMS_MT_CHARGING_WRITE_ALLOWED_PAYMENT_INSTRUMENT',5),
(435,NULL,NULL,0,'Sms mt charging amount read permission','ROLE_PROV_SMS_MT_CHARGING_READ_CHARGING_AMOUNT',5),
(436,NULL,NULL,0,'Sms mt charging amount write permission','ROLE_PROV_SMS_MT_CHARGING_WRITE_CHARGING_AMOUNT',5),
(469,NULL,NULL,0,'Customer care admin reports','ROLE_SDP_RPT_CC_CRE_REP',8),
(500,NULL,NULL,0,'Send NotificationPermission','ROLE_PROV_SUBSCRIPTION_READ_ALLOW_SEND_NOTIFICATION',5),
(501,NULL,NULL,0,'Allow trial period read permission','ROLE_PROV_SUBSCRIPTION_READ_ALLOW_TRIAL_PERIOD',5),
(502,NULL,NULL,0,'Allow trial period write permission','ROLE_PROV_SUBSCRIPTION_WRITE_ALLOW_TRIAL_PERIOD',5),
(509,NULL,NULL,0,'Add users','ROLE_REG_ADD_USER',1),
(603,NULL,NULL,0, 'sdp app reporting ncs report chart', 'ROLE_SDP_NCS_REPORT_CHART_SHOW', 8);

INSERT INTO `user_group` VALUES (1,NULL,NULL,0,'SDP admin group','SDP_ADMIN'),
(2,NULL,NULL,0,'System admin group','SYSTEM_ADMIN'),
(3,NULL,NULL,0,'Corporate users group','CORPORATE_USER'),
(4,NULL,NULL,1,'Consumer users group','CONSUMER_USER'),
(5,NULL,NULL,0,'Sub corporate users group users group','SUB_CORPORATE_USER'),
(6,NULL,NULL,0,'Customer care users group','CUSTOMER_CARE_USER'),
(7,NULL,NULL,0,'SDP manager users group','SDP_MANAGER'),
(8,NULL,NULL,1,'Super Corporate users group','SUPER_CORPORATE_USER'),
(10,NULL,NULL,5,'SDP Admin account with read only access','READONLY_ADMIN');

INSERT INTO `user` VALUES ('User',1,'2011-11-14 15:38:43','2013-10-21 12:31:02',2050,'Suva',NULL,NULL,'\0',NULL,NULL,'2013-10-21 12:31:02','internal',NULL,'test@test.lk',NULL,'\0','','hsenid',NULL,NULL,NULL,'2013-10-21 12:31:01','hsenid',NULL,NULL,'\0',NULL,'6799900000',NULL,NULL,'\0',NULL,'44bc7b417faef5c8125581ebaf8b8e1e',NULL,NULL,NULL,NULL,'Employed',NULL,'20111114153721713','ACTIVE','ADMIN_USER','sdpadmin','test@test.lk',NULL,NULL,NULL,NULL,NULL,NULL,NULL,NULL,1,NULL,NULL,NULL,NULL,NULL,NULL,NULL,NULL,NULL,''),
('User',2,'2011-11-14 15:38:43','2011-11-23 11:34:51',189,'Suva',NULL,NULL,'\0',NULL,NULL,'2011-11-23 11:34:51','internal',NULL,'test@test.lk',NULL,'\0','','hsenid',NULL,NULL,NULL,'2011-11-23 11:25:06','hsenid',NULL,NULL,'\0',NULL,'6799900001',NULL,NULL,'\0',NULL,'44bc7b417faef5c8125581ebaf8b8e1e',NULL,NULL,NULL,NULL,'Employed',NULL,'20111114153721714','ACTIVE','ADMIN_USER','sysadmin','test@test.lk',NULL,NULL,NULL,NULL,NULL,NULL,NULL,NULL,2,NULL,NULL,NULL,NULL,NULL,NULL,NULL,NULL,NULL,''),
('CorporateUser',3,'2013-09-12 15:34:09','2013-10-16 09:32:23',50,NULL,NULL,NULL,'','Sri Lanka',NULL,'2013-10-16 09:32:23','internal',NULL,'hsenid2@test.com','f785ebcf25018e7eba2d0226fb38cbd6','','',NULL,NULL,NULL,NULL,'2013-10-16 09:32:09','',NULL,NULL,'\0',NULL,'622112345678','81dc9bdb52d04dc20036dbd8313ed055',NULL,'','','44bc7b417faef5c8125581ebaf8b8e1e',NULL,NULL,NULL,NULL,NULL,NULL,'20130912153316921','ACTIVE','CORPORATE','hsenid2',NULL,'hsenid2','622112345678',NULL,NULL,NULL,NULL,NULL,NULL,3,NULL,NULL,NULL,NULL,NULL,'\0',0,0,0,'\0');

INSERT INTO `user_group_roles` VALUES (1,1),
(1,2),
(1,13),
(1,14),
(1,15),
(1,16),
(1,17),
(1,18),
(1,19),
(1,20),
(1,21),
(1,22),
(1,23),
(1,24),
(1,95),
(1,98),
(1,99),
(1,100),
(1,101),
(1,104),
(1,105),
(1,106),
(1,107),
(1,108),
(1,109),
(1,110),
(1,111),
(1,113),
(1,114),
(1,115),
(1,116),
(1,117),
(1,119),
(1,121),
(1,122),
(1,124),
(1,125),
(1,126),
(1,128),
(1,129),
(1,130),
(1,146),
(1,147),
(1,148),
(1,149),
(1,150),
(1,151),
(1,152),
(1,153),
(1,154),
(1,155),
(1,156),
(1,157),
(1,158),
(1,159),
(1,160),
(1,161),
(1,162),
(1,163),
(1,164),
(1,168),
(1,169),
(1,170),
(1,171),
(1,173),
(1,174),
(1,175),
(1,176),
(1,180),
(1,181),
(1,183),
(1,184),
(1,185),
(1,186),
(1,237),
(1,239),
(1,240),
(1,241),
(1,242),
(1,243),
(1,244),
(1,245),
(1,246),
(1,247),
(1,248),
(1,249),
(1,250),
(1,251),
(1,253),
(1,255),
(1,256),
(1,257),
(1,258),
(1,259),
(1,260),
(1,261),
(1,267),
(1,268),
(1,293),
(1,294),
(1,295),
(1,296),
(1,297),
(1,298),
(1,301),
(1,302),
(1,303),
(1,304),
(1,305),
(1,306),
(1,307),
(1,308),
(1,309),
(1,310),
(1,311),
(1,312),
(1,313),
(1,314),
(1,315),
(1,316),
(1,317),
(1,318),
(1,319),
(1,320),
(1,321),
(1,322),
(1,323),
(1,324),
(1,325),
(1,326),
(1,327),
(1,328),
(1,329),
(1,330),
(1,331),
(1,332),
(1,333),
(1,334),
(1,335),
(1,337),
(1,338),
(1,339),
(1,341),
(1,342),
(1,360),
(1,361),
(1,362),
(1,364),
(1,365),
(1,367),
(1,368),
(1,369),
(1,370),
(1,371),
(1,374),
(1,375),
(1,380),
(1,423),
(1,424),
(1,425),
(1,426),
(1,427),
(1,428),
(1,429),
(1,430),
(1,431),
(1,432),
(1,433),
(1,434),
(1,435),
(1,436),
(1,469),
(1,500),
(1,501),
(1,502),
(1,509),
(1,603),
(2,1),
(2,5),
(2,7),
(2,8),
(2,9),
(2,10),
(2,11),
(2,12),
(2,13),
(2,14),
(2,15),
(2,16),
(2,17),
(2,18),
(2,19),
(2,20),
(2,21),
(2,22),
(2,23),
(2,24),
(2,509),
(3,1),
(3,4),
(3,5),
(3,6),
(3,95),
(3,96),
(3,98),
(3,99),
(3,101),
(3,102),
(3,103),
(3,109),
(3,112),
(3,113),
(3,114),
(3,118),
(3,120),
(3,123),
(3,127),
(3,131),
(3,132),
(3,133),
(3,168),
(3,169),
(3,171),
(3,173),
(3,180),
(3,181),
(3,237),
(3,239),
(3,240),
(3,241),
(3,242),
(3,243),
(3,244),
(3,245),
(3,246),
(3, 247),
(3,249),
(3,251),
(3,253),
(3,255),
(3,256),
(3,257),
(3,258),
(3,259),
(3,260),
(3,261),
(3,267),
(3,293),
(3,294),
(3,295),
(3,296),
(3,297),
(3,298),
(3,301),
(3,302),
(3,303),
(3,304),
(3,305),
(3,306),
(3,307),
(3,308),
(3,309),
(3,310),
(3,311),
(3,312),
(3,313),
(3,314),
(3,315),
(3,316),
(3,317),
(3,319),
(3,320),
(3,321),
(3,322),
(3,323),
(3,324),
(3,325),
(3,326),
(3,327),
(3,328),
(3,329),
(3,330),
(3,331),
(3,332),
(3,333),
(3,334),
(3,335),
(3,338),
(3,341),
(3,360),
(3,364),
(3,365),
(3,372),
(3,377),
(3,423),
(3,424),
(3,425),
(3,426),
(3,427),
(3,428),
(3,429),
(3,430),
(3,431),
(3,432),
(3,433),
(3,434),
(3,435),
(3,500),
(3,501),
(3,502),
(4,1),
(4,182),
(5,1),
(5,116),
(5,168),
(5,169),
(5,171),
(5,173),
(5,180),
(5,181),
(6,1),
(6,168),
(6,180),
(6,181),
(6,185),
(6,186),
(6,361),
(6,469),
(7,1),
(7,146),
(7,147),
(7,148),
(7,149),
(7,150),
(7,151),
(7,152),
(7,153),
(7,154),
(7,155),
(7,156),
(7,157),
(7,158),
(7,159),
(7,160),
(7,161),
(7,162),
(7,163),
(7,164),
(8,1),
(8,95),
(8,96),
(8,97),
(8,98),
(8,99),
(8,100),
(8,102),
(8,103),
(8,104),
(8,105),
(8,106),
(8,107),
(8,108),
(8,109),
(8,110),
(8,111),
(8,112),
(8,113),
(8,114),
(8,115),
(8,117),
(8,118),
(8,119),
(8,120),
(8,121),
(8,122),
(8,123),
(8,124),
(8,125),
(8,126),
(8,127),
(8,128),
(8,129),
(8,130),
(8,131),
(8,132),
(8,133),
(8,168),
(8,169),
(8,171),
(8,180),
(8,181),
(10,1),
(10,95),
(10,98),
(10,99),
(10,105),
(10,108),
(10,109),
(10,113),
(10,114),
(10,146),
(10,185),
(10,186),
(10,237),
(10,239),
(10,241),
(10,243),
(10,245),
(10,247),
(10,249),
(10,251),
(10,253),
(10,255),
(10,257),
(10,259),
(10,261),
(10,293),
(10,295),
(10,297),
(10,301),
(10,303),
(10,305),
(10,307),
(10,309),
(10,311),
(10,313),
(10,315),
(10,319),
(10,321),
(10,323),
(10,325),
(10,327),
(10,329),
(10,333),
(10,375),
(10,380);