DROP TABLE IF EXISTS `module`;
CREATE TABLE `module` (
  `id` bigint(20) NOT NULL AUTO_INCREMENT,
  `created_time` datetime DEFAULT NULL,
  `last_modified_time` datetime DEFAULT NULL,
  `version` int(11) NOT NULL,
  `description` varchar(255) DEFAULT NULL,
  `module_name` varchar(255) DEFAULT NULL,
  `role_prefix` varchar(255) DEFAULT NULL,
  PRIMARY KEY (`id`)
) ENGINE=InnoDB AUTO_INCREMENT=10 DEFAULT CHARSET=latin1;

DROP TABLE IF EXISTS `role`;
CREATE TABLE `role` (
  `id` bigint(20) NOT NULL AUTO_INCREMENT,
  `created_time` datetime DEFAULT NULL,
  `last_modified_time` datetime DEFAULT NULL,
  `version` int(11) NOT NULL,
  `description` varchar(255) DEFAULT NULL,
  `name` varchar(255) DEFAULT NULL,
  `module` bigint(20) DEFAULT NULL,
  PRIMARY KEY (`id`),
  KEY `FK358076C2A1EB35` (`module`),
  CONSTRAINT `FK358076C2A1EB35` FOREIGN KEY (`module`) REFERENCES `module` (`id`)
) ENGINE=InnoDB AUTO_INCREMENT=183 DEFAULT CHARSET=latin1;

DROP TABLE IF EXISTS `user_group`;
CREATE TABLE `user_group` (
  `id` bigint(20) NOT NULL AUTO_INCREMENT,
  `created_time` datetime DEFAULT NULL,
  `last_modified_time` datetime DEFAULT NULL,
  `version` int(11) NOT NULL,
  `description` varchar(255) DEFAULT NULL,
  `name` varchar(255) DEFAULT NULL,
  PRIMARY KEY (`id`),
  UNIQUE KEY `name` (`name`)
) ENGINE=InnoDB AUTO_INCREMENT=8 DEFAULT CHARSET=latin1;

DROP TABLE IF EXISTS `user`;
CREATE TABLE `user` (
  `dtype` varchar(31) NOT NULL,
  `id` bigint(20) NOT NULL AUTO_INCREMENT,
  `created_time` datetime DEFAULT NULL,
  `last_modified_time` datetime DEFAULT NULL,
  `version` int(11) NOT NULL,
  `address` varchar(255) DEFAULT NULL,
  `birthday` datetime DEFAULT NULL,
  `city` varchar(255) DEFAULT NULL,
  `corporate_user` bit(1) NOT NULL,
  `country` varchar(255) DEFAULT NULL,
  `created_by` varchar(255) DEFAULT NULL,
  `current_login` datetime DEFAULT NULL,
  `domain` varchar(255) DEFAULT NULL,
  `domain_id` varchar(255) DEFAULT NULL,
  `email` varchar(255) DEFAULT NULL,
  `email_verification_code` varchar(255) DEFAULT NULL,
  `email_verified` bit(1) NOT NULL,
  `enabled` bit(1) NOT NULL,
  `first_name` varchar(255) DEFAULT NULL,
  `gender` varchar(255) DEFAULT NULL,
  `land_no` varchar(255) DEFAULT NULL,
  `last_email_send_date` datetime DEFAULT NULL,
  `last_login` datetime DEFAULT NULL,
  `last_name` varchar(255) DEFAULT NULL,
  `last_password_updated_date` datetime DEFAULT NULL,
  `last_sms_send_date` datetime DEFAULT NULL,
  `ldap_user` bit(1) NOT NULL,
  `login_attempt_count` int(11) DEFAULT NULL,
  `mobile_no` varchar(255) DEFAULT NULL,
  `mpin` varchar(255) DEFAULT NULL,
  `msisdn_verification_code` varchar(255) DEFAULT NULL,
  `msisdn_verified` bit(1) NOT NULL,
  `operator` varchar(255) DEFAULT NULL,
  `password` varchar(255) DEFAULT NULL,
  `phone_model` varchar(255) DEFAULT NULL,
  `phone_type` varchar(255) DEFAULT NULL,
  `post_code` varchar(255) DEFAULT NULL,
  `previous_password` varchar(255) DEFAULT NULL,
  `profession` varchar(255) DEFAULT NULL,
  `province` varchar(255) DEFAULT NULL,
  `user_id` varchar(100) NOT NULL,
  `status` varchar(255) DEFAULT NULL,
  `type` varchar(255) DEFAULT NULL,
  `username` varchar(255) DEFAULT NULL,
  `contact_person_email` varchar(255) DEFAULT NULL,
  `contact_person_name` varchar(255) DEFAULT NULL,
  `contact_person_phone` varchar(255) DEFAULT NULL,
  `industry` varchar(255) DEFAULT NULL,
  `fax_no` varchar(255) DEFAULT NULL,
  `org_name` varchar(255) DEFAULT NULL,
  `phone_numbers` varchar(255) DEFAULT NULL,
  `org_size` varchar(255) DEFAULT NULL,
  `corperate_parent_id` bigint(20) DEFAULT NULL,
  `user_group` bigint(20) DEFAULT NULL,
  PRIMARY KEY (`id`),
  UNIQUE KEY `user_id` (`user_id`),
  KEY `FK36EBCBD745AB02` (`user_group`),
  KEY `FK36EBCB3F159054` (`corperate_parent_id`),
  CONSTRAINT `FK36EBCB3F159054` FOREIGN KEY (`corperate_parent_id`) REFERENCES `user` (`id`),
  CONSTRAINT `FK36EBCBD745AB02` FOREIGN KEY (`user_group`) REFERENCES `user_group` (`id`)
) ENGINE=InnoDB AUTO_INCREMENT=127 DEFAULT CHARSET=latin1;



DROP TABLE IF EXISTS `user_group_roles`;
CREATE TABLE `user_group_roles` (
  `user_group` bigint(20) NOT NULL,
  `roles` bigint(20) NOT NULL,
  PRIMARY KEY (`user_group`,`roles`),
  KEY `FKE49FBE89D745AB02` (`user_group`),
  KEY `FKE49FBE892098A0D0` (`roles`),
  CONSTRAINT `FKE49FBE892098A0D0` FOREIGN KEY (`roles`) REFERENCES `role` (`id`),
  CONSTRAINT `FKE49FBE89D745AB02` FOREIGN KEY (`user_group`) REFERENCES `user_group` (`id`)
) ENGINE=InnoDB DEFAULT CHARSET=latin1;

DROP TABLE IF EXISTS `user_roles`;
CREATE TABLE `user_roles` (
  `user` bigint(20) NOT NULL,
  `roles` bigint(20) NOT NULL,
  PRIMARY KEY (`user`,`roles`),
  KEY `FK734299492098A0D0` (`roles`),
  KEY `FK734299492B014158` (`user`),
  CONSTRAINT `FK734299492098A0D0` FOREIGN KEY (`roles`) REFERENCES `role` (`id`),
  CONSTRAINT `FK734299492B014158` FOREIGN KEY (`user`) REFERENCES `user` (`id`)
) ENGINE=InnoDB DEFAULT CHARSET=latin1;

/** Initial Data*/

INSERT INTO `module` VALUES
(1,NULL,NULL,0,'The Common Registration module','registration','ROLE_REG_'),
(2,NULL,NULL,0,'The Payment Gateway Selfcare  module','pgw-selfcare','ROLE_PGW_CSC_'),
(3,NULL,NULL,0,'The Payment Gateway Selfcare  module','pgw-admincare','ROLE_PGW_CS_'),
(4,NULL,NULL,0,'The Soltura module','soltura','ROLE_SOL_'),
(5,NULL,NULL,0,'The Provisioning module','provisioning','ROLE_PROV_'),
(6,NULL,NULL,0,'The Appstore module','appstore','ROLE_APP_'),
(7,NULL,NULL,0,'The Admin module','admin','ROLE_ADMIN_'),
(8,NULL,NULL,0,'The Reporting module','report-viewer','ROLE_SDP_RPT_'),
(9,NULL,NULL,0,'wap user','wap','ROLE_WAP_');


INSERT INTO `role` VALUES
(1,NULL,NULL,0,'Common registration login','ROLE_REG_LOGIN',1),
(2,NULL,NULL,0,'Consumer PI registration','ROLE_REG_CONSUMER_PI_REG',1),
(3,NULL,NULL,0,'Co-operate users PI registration','ROLE_REG_COOPERATE_USER_PI_REG',1),
(4,NULL,NULL,0,'Add Sub-Cooperate users','ROLE_REG_ADD_SUB_COOPERATE_USER',1),
(5,NULL,NULL,0,'View Sub-Cooperate users','ROLE_REG_VIEW_SUB_COOPERATE_USER',1),
(6,NULL,NULL,0,'Edit Sub-Cooperate users','ROLE_REG_EDIT_SUB_COOPERATE_USER',1),
(7,NULL,NULL,0,'Delete Sub-Cooperate users','ROLE_REG_DELETE_SUB_COOPERATE_USER',1),
(8,NULL,NULL,0,'Add system users','ROLE_REG_ADD_SYS_USER',1),
(9,NULL,NULL,0,'Search system users','ROLE_REG_SEARCH_SYS_USER',1),
(10,NULL,NULL,0,'Modify system users','ROLE_REG_EDIT_SYS_USER',1),
(11,NULL,NULL,0,'Change Password system users','ROLE_REG_CHANGE_PASSWD_SYS_USER',1),
(12,NULL,NULL,0,'Delete system users','ROLE_REG_DELETE_SYS_USER',1),
(13,NULL,NULL,0,'Add users group','ROLE_REG_ADD_USER_GROUP',1),
(14,NULL,NULL,0,'Search users group','ROLE_REG_SEARCH_USER_GROUP',1),
(15,NULL,NULL,0,'Modify users group','ROLE_REG_EDIT_USER_GROUP',1),
(16,NULL,NULL,0,'Delete users group','ROLE_REG_DELETE_USER_GROUP',1),
(17,NULL,NULL,0,'Add users role','ROLE_REG_ADD_USER_ROLE',1),
(18,NULL,NULL,0,'Search users role','ROLE_REG_SEARCH_USER_ROLE',1),
(19,NULL,NULL,0,'Modify users role','ROLE_REG_MODIFY_USER_ROLE',1),
(20,NULL,NULL,0,'Delete users role','ROLE_REG_DELETE_USER_ROLE',1),
(21,NULL,NULL,0,'Add module','ROLE_REG_ADD_MODULE',1),
(22,NULL,NULL,0,'Search module','ROLE_REG_SEARCH_MODULE',1),
(23,NULL,NULL,0,'Modify module','ROLE_REG_MODIFY_MODULE',1),
(24,NULL,NULL,0,'Delete module','ROLE_REG_DELETE_MODULE',1),
(25,NULL,NULL,0,'Admin care login','ROLE_PGW_CS_LOGIN',3),
(26,NULL,NULL,0,'View currency rates','ROLE_PGW_CS_VIEW_CUR_RATES',3),
(27,NULL,NULL,0,'Update currency rates','ROLE_PGW_CS_UPDATE_CUR_RATES',3),
(28,NULL,NULL,0,'Search transactions','ROLE_PGW_CS_SEARCH_TRX',3),
(29,NULL,NULL,0,'Rollback transactions','ROLE_PGW_CS_ROLLEBACK_TRX',3),
(30,NULL,NULL,0,'View payment instruments','ROLE_PGW_CS_VIEW_PI',3),
(31,NULL,NULL,0,'Add payment instruments','ROLE_PGW_CS_ADD_PI',3),
(32,NULL,NULL,0,'Remove payment instruments','ROLE_PGW_CS_REMOVE_PI',3),
(33,NULL,NULL,0,'Set default payment instruments','ROLE_PGW_CS_SET_DEFAULT_PI',3),
(34,NULL,NULL,0,'Search PI','ROLE_PGW_CS_SEARCH_PI',3),
(35,NULL,NULL,0,'Add users settings','ROLE_PGW_CS_ADD_USR_SETTINGS',3),
(36,NULL,NULL,0,'Selfcare login','ROLE_PGW_CSC_LOGIN',2),
(37,NULL,NULL,0,'View payment instruments','ROLE_PGW_CSC_VIEW_PI',2),
(38,NULL,NULL,0,'Add payment instruments','ROLE_PGW_CSC_ADD_PI',2),
(39,NULL,NULL,0,'Remove payment instruments','ROLE_PGW_CSC_REMOVE_PI',2),
(40,NULL,NULL,0,'Set default payment instruments','ROLE_PGW_CSC_SET_DEFAULT_PI',2),
(41,NULL,NULL,0,'Search PI','ROLE_PGW_CSC_SEARCH_PI',2),
(42,NULL,NULL,0,'Internal transfer','ROLE_PGW_CSC_EXE_INT_TRANSFER',2),
(43,NULL,NULL,0,'External transfer','ROLE_PGW_CSC_EXE_EXT_TRANSFER',2),
(44,NULL,NULL,0,'Search transactions','ROLE_PGW_CSC_SEARCH_TRX',2),
(45,NULL,NULL,0,'View transaction','ROLE_PGW_CSC_VIEW_REPORT',2),
(46,NULL,NULL,0,'View last 2 yrs transactions','ROLE_PGW_CSC_SEARCH_LAST_2YRS_TRX',2),
(47,NULL,NULL,0,'View application requests','ROLE_PGW_CSC_VIEW_APP_REQ',2),
(48,NULL,NULL,0,'Allow application requests','ROLE_PGW_CSC_ALLOW_APP_REQ',2),
(49,NULL,NULL,0,'Disallow application requests','ROLE_PGW_CSC_DISALLOW_APP_REQ',2),
(50,NULL,NULL,0,'Soltura login','ROLE_SOL_LOGIN',4),
(51,NULL,NULL,0,'Search applications','ROLE_SOL_SEARCH_APPS',4),
(52,NULL,NULL,0,'Create applications','ROLE_SOL_CREATE_APP',4),
(53,NULL,NULL,0,'Alert – Create','ROLE_SOL_CREATE_ALERT',4),
(54,NULL,NULL,0,'Alert – Edit','ROLE_SOL_EDIT_ALERT',4),
(55,NULL,NULL,0,'Alert – content upload(use)','ROLE_SOL_UPLOAD_ALERT',4),
(56,NULL,NULL,0,'Alert – keyword creation','ROLE_SOL_CREATE_KEYWORD_ALERT',4),
(57,NULL,NULL,0,'Alert – advanced configurations','ROLE_SOL_ADVANCED_CONFIG_ALERT',4),
(58,NULL,NULL,0,'Alert – view','ROLE_SOL_VIEW_ALERT',4),
(59,NULL,NULL,0,'Alert – view usage','ROLE_SOL_VIEW_ALERT_USAGE',4),
(60,NULL,NULL,0,'Alert – view settings','ROLE_SOL_VIEW_ALERT_SETTINGS',4),
(61,NULL,NULL,0,'Alert – publish','ROLE_SOL_PUBLISH_ALERT',4),
(62,NULL,NULL,0,'Channel – Create','ROLE_SOL_CREATE_CHANNEL',4),
(63,NULL,NULL,0,'Channel – Edit','ROLE_SOL_EDIT_CHANNEL',4),
(64,NULL,NULL,0,'Channel – Content upload','ROLE_SOL_UPLOAD_CHANNEL',4),
(65,NULL,NULL,0,'Channel – keyword creation','ROLE_SOL_CREATE_KEYWORD_CHANNEL',4),
(66,NULL,NULL,0,'Channel – advanced configurations','ROLE_SOL_ADVANCED_CONFIG_CHANNEL',4),
(67,NULL,NULL,0,'Channel – view','ROLE_SOL_VIEW_CHANNEL',4),
(68,NULL,NULL,0,'Channel – view settings','ROLE_SOL_VIEW_CHANNEL_SETTINGS',4),
(69,NULL,NULL,0,'Channel – view usage','ROLE_SOL_VIEW_CHANNEL_USAGE',4),
(70,NULL,NULL,0,'Channel – publish','ROLE_SOL_PUBLISH_CHANNEL',4),
(71,NULL,NULL,0,'Voting – create','ROLE_SOL_CREATE_VOTING',4),
(72,NULL,NULL,0,'Voting – edit','ROLE_SOL_EDIT_VOTING',4),
(73,NULL,NULL,0,'Voting – keyword creation','ROLE_SOL_CREATE_KEYWORD_VOTING',4),
(74,NULL,NULL,0,'Voting – advanced configuration','ROLE_SOL_ADVANCED_CONFIG_VOTING',4),
(75,NULL,NULL,0,'Voting – view','ROLE_SOL_VIEW_VOTING',4),
(76,NULL,NULL,0,'Voting – view settings','ROLE_SOL_VIEW_VOTING_SETTINGS',4),
(77,NULL,NULL,0,'Voting – view usage ','ROLE_SOL_VIEW_VOTING_USAGE',4),
(78,NULL,NULL,0,'Voting – view chart','ROLE_SOL_VIEW_VOTING_CHART',4),
(79,NULL,NULL,0,'Voting – Publish','ROLE_SOL_PUBLISH_VOTING',4),
(80,NULL,NULL,0,'Request – Create','ROLE_SOL_CREATE_REQUEST',4),
(81,NULL,NULL,0,'Request – edit','ROLE_SOL_EDIT_REQUEST',4),
(82,NULL,NULL,0,'Request – keyword creation','ROLE_SOL_CREATE_KEYWORD_REQUEST',4),
(83,NULL,NULL,0,'Request – advanced configuration','ROLE_SOL_ADVANCED_CONFIG_REQUEST',4),
(84,NULL,NULL,0,'Request – view','ROLE_SOL_VIEW_REQUEST',4),
(85,NULL,NULL,0,'Request – view received messages','ROLE_SOL_VIEW_REQUEST_MSGS',4),
(86,NULL,NULL,0,'Request – reply to messages','ROLE_SOL_REPLY_REQUEST_MSGS',4),
(87,NULL,NULL,0,'Request – view settings','ROLE_SOL_VIEW_REQUEST_SETTINGS',4),
(88,NULL,NULL,0,'Request – publish','ROLE_SOL_PUBLISH_REQUEST',4),
(89,NULL,NULL,0,'My apps','ROLE_SOL_MY_APPS',4),
(90,NULL,NULL,0,'Reports','ROLE_SOL_REPORTS',4),
(91,NULL,NULL,0,'Reports – message history','ROLE_SOL_MSG_HISTORY_REPORT',4),
(92,NULL,NULL,0,'Settings','ROLE_SOL_SETTINGS',4),
(93,NULL,NULL,0,'Settings – keywords','ROLE_SOL_KEYWORD_SETTINGS',4),
(94,NULL,NULL,0,'Settings – my profile','ROLE_SOL_MY_PROFILE_SETTINGS',4),
(95,NULL,NULL,0,'Provisioning login','ROLE_PROV_LOGIN',5),
(96,NULL,NULL,0,'Register SP','ROLE_PROV_REGISTER_SP',5),
(97,NULL,NULL,0,'Approve SP','ROLE_PROV_APPROVE_SP',5),
(98,NULL,NULL,0,'View SP','ROLE_PROV_VIEW_SP',5),
(99,NULL,NULL,0,'Search SP','ROLE_PROV_SEARCH_SP',5),
(100,NULL,NULL,0,'Delete SP','ROLE_PROV_DELETE_SP',5),
(101,NULL,NULL,0,'Edit SP – CR','ROLE_PROV_EDIT_SP',5),
(102,NULL,NULL,0,'Configure SP PI','ROLE_PROV_CONFIG_SP_PI',5),
(103,NULL,NULL,0,'Cancel SP request','ROLE_PROV_CANCEL_SP_REQ',5),
(104,NULL,NULL,0,'Reject SP users creation','ROLE_PROV_REJECT_SP_REQ',5),
(105,NULL,NULL,0,'Search SP users requests','ROLE_PROV_SEARCH_SP_REQ',5),
(106,NULL,NULL,0,'Suspend SP','ROLE_PROV_SUSPEND_SP',5),
(107,NULL,NULL,0,'Activate SP','ROLE_PROV_ACTIVATE_SP',5),
(108,NULL,NULL,0,'SP CR search','ROLE_PROV_SP_CR_SEARCH',5),
(109,NULL,NULL,0,'SP CR view','ROLE_PROV_SP_CR_VIEW',5),
(110,NULL,NULL,0,'SP CR approve','ROLE_PROV_SP_CR_APPROVES',5),
(111,NULL,NULL,0,'SP CR reject','ROLE_PROV_SP_CR_REJECT',5),
(112,NULL,NULL,0,'Create app','ROLE_PROV_CREATE_APP',5),
(113,NULL,NULL,0,'View app','ROLE_PROV_VIEW_APP',5),
(114,NULL,NULL,0,'Search app','ROLE_PROV_SEARCH_APP',5),
(115,NULL,NULL,0,'Approve app','ROLE_PROV_APPROVE_APP',5),
(116,NULL,NULL,0,'Publish app','ROLE_PROV_PUBLISH_APP',5),
(117,NULL,NULL,0,'Edit app','ROLE_PROV_EDIT_APP',5),
(118,NULL,NULL,0,'Cancel app','ROLE_PROV_CANCEL_APP',5),
(119,NULL,NULL,0,'Delete app','ROLE_PROV_DELETE_APP',5),
(120,NULL,NULL,0,'Apply for active production','ROLE_PROV_APPLY_FOR_ACTIVE_PROD',5),
(121,NULL,NULL,0,'Approve for active production','ROLE_PROV_APPROVE_FOR_ACTIVE_PROD',5),
(122,NULL,NULL,0,'Approve to limited production','ROLE_PROV_APPROVE_FOR_LIMITED_PROD',5),
(123,NULL,NULL,0,'Apply to limited production','ROLE_PROV_APPLY_FOR_LIMITED_PROD',5),
(124,NULL,NULL,0,'Reject app','ROLE_PROV_REJECT_APP',5),
(125,NULL,NULL,0,'Suspend app','ROLE_PROV_SUSPEND_APP',5),
(126,NULL,NULL,0,'Terminate app','ROLE_PROV_TERMINATE_APP',5),
(127,NULL,NULL,0,'Start App CR flow','ROLE_PROV_START_APP_CR',5),
(128,NULL,NULL,0,'Edit app SLA','ROLE_PROV_EDIT_APP_SLA',5),
(129,NULL,NULL,0,'Edit NCS SLA','ROLE_PROV_EDIT_NCS_SLA',5),
(130,NULL,NULL,0,'Edit routing key','ROLE_PROV_EDIT_RK',5),
(131,NULL,NULL,0,'Add NCS','ROLE_PROV_ADD_NCS',5),
(132,NULL,NULL,0,'Remove NCS','ROLE_PROV_REMOVE_NCS',5),
(133,NULL,NULL,0,'Reset app password','ROLE_PROV_RESET_APP_PASSWD',5),
(134,NULL,NULL,0,'Appstore login','ROLE_APP_LOGIN',6),
(135,NULL,NULL,0,'Publish approve','ROLE_APP_APPROVE_PUBLISH',6),
(136,NULL,NULL,0,'Publish CR List view','ROLE_APP_VIEW_PUBLISH_CR',6),
(137,NULL,NULL,0,'Publish CR approve','ROLE_APP_APPROVE_PUBLISH_CR',6),
(138,NULL,NULL,0,'Publish CR reject','ROLE_APP_REJECT_PUBLISH_CR',6),
(139,NULL,NULL,0,'Configure panels','ROLE_APP_CONFIG_PANNELS',6),
(140,NULL,NULL,0,'Select featured apps','ROLE_APP_SELECT_FEATURED_APPS',6),
(141,NULL,NULL,0,'Define categories','ROLE_APP_DEFINE_CATEGORIES',6),
(142,NULL,NULL,0,'Remove Wishlist','ROLE_APP_REMOVE_WISHLIST',6),
(143,NULL,NULL,0,'Remove Comments','ROLE_APP_REMOVE_COMMENTS',6),
(144,NULL,NULL,0,'Blacklist Comments','ROLE_APP_BLACKLIST_COMMENTS',6),
(145,NULL,NULL,0,'Blacklist Wishlist','ROLE_APP_BLACKLIST_WHISHLIST',6),
(146,NULL,NULL,0,'Admin login','ROLE_ADM_LOGIN',7),
(147,NULL,NULL,0,'Subscription – Search','ROLE_ADM_SEARCH_SUBSCRIPTION',7),
(148,NULL,NULL,0,'Subscription – View','ROLE_ADM_VIEW_SUBSCRIPTION',7),
(149,NULL,NULL,0,'Subscription – Unsubscribe','ROLE_ADM_UNSUBSCRIBE_SUBSCRIPTION',7),
(150,NULL,NULL,0,'Advertising – List','ROLE_ADM_LIST_ADVERTISING',7),
(151,NULL,NULL,0,'Advertising – Create','ROLE_ADM_CREATE_ADVERTISING',7),
(152,NULL,NULL,0,'Advertising – Change','ROLE_ADM_EDIT_ADVERTISING',7),
(153,NULL,NULL,0,'Advertising – Remove','ROLE_ADM_REMOVE_ADVERTISING',7),
(154,NULL,NULL,0,'Governance – Manual Filtering – Allow MT','ROLE_ADM_ALLOW_MT',7),
(155,NULL,NULL,0,'Governance – Manual Filtering – Reject MT','ROLE_ADM_REJECT_MT',7),
(156,NULL,NULL,0,'Governance – Suspend Cooperate users','ROLE_ADM_SUSPEND_COOPERATE_USER',7),
(157,NULL,NULL,0,'Governance – Activate Cooperate users','ROLE_ADM_ACTIVATE_COOPERATE_USER',7),
(158,NULL,NULL,0,'Governance – Suspend App','ROLE_ADM_SUSPEND_APP',7),
(159,NULL,NULL,0,'Governance – Activate App','ROLE_ADM_ACTIVATE_APP',7),
(160,NULL,NULL,0,'Governance – Manual filtering report view','ROLE_ADM_MANUAL_FILTERING_RPT',7),
(161,NULL,NULL,0,'Governance – Abuse report view','ROLE_ADM_ABUSE_RPT',7),
(162,NULL,NULL,0,'Governance – Unsubscriber users','ROLE_ADM_UNSUBSCRIBE_USER',7),
(163,NULL,NULL,0,'Governance – Message history view','ROLE_ADM_MSG_HISTORY_VIEW',7),
(164,NULL,NULL,0,'Governance – mark valid/invalid messages','ROLE_ADM_MARK_MSG_STATUS',7),
(165,NULL,NULL,0,'Appstore – Administrative Role','ROLE_APP_ADMIN',6),
(166,NULL,NULL,0,'Appstore –  Corporate User Role','ROLE_APP_SP',6),
(167,NULL,NULL,0,'Appstore – Consumer Role','ROLE_APP_USER',6),
(168,NULL,NULL,0,'sdp report viewer login','ROLE_SDP_RPT_LOGIN',8),
(169,NULL,NULL,0,'sdp overall report viewer','ROLE_SDP_RPT_OVERALL_REV_TRAFF',8),
(170,NULL,NULL,0,'sdp corporate users based report viewer','ROLE_SDP_RPT_CORPORATE_REV_TRAFF',8),
(171,NULL,NULL,0,'sdp app wise report viewer','ROLE_SDP_RPT_APP_REV_TRAFF',8),
(172,NULL,NULL,0,'sdp operator based report viewer','ROLE_SDP_RPT_OPERATOR_REV_TRAFF',8),
(173,NULL,NULL,0,'sdp ncs based report viewer','ROLE_SDP_RPT_NCS_REV_TRAFF',8),
(174,NULL,NULL,0,'sdp failed transaction report viewer','ROLE_SDP_RPT_FAILED_TRANS',8),
(175,NULL,NULL,0,'sdp ad wise advertisement report viewer','ROLE_SDP_RPT_ADV_AD_WISE',8),
(176,NULL,NULL,0,'sdp app wise advertisement report viewer','ROLE_SDP_RPT_APP_WISE',8),
(177,NULL,NULL,0,'Search consumers','ROLE_PGW_CS_SEARCH_CONS',3),
(180,NULL,NULL,0,'Detailed transaction report (Customer Care)','ROLE_SDP_RPT_CC_DETAILED_TRANS',8),
(181,NULL,NULL,0,'Failed Transaction report (Customer Care)','ROLE_SDP_RPT_CC_FAILED_TRANS',8),
(182,'2011-11-22 20:06:25','2011-11-22 20:06:25',1,'login permission for wap','ROLE_WAP_LOGIN',9),
(183,NULL,NULL,0,'Build File Approval Permission','ROLE_PROV_APPROVE_BUILD',5),
(184,NULL,NULL,0,'Build File Edit Permission','ROLE_PROV_EDIT_BUILD',5),
(185,NULL,NULL,0,'Build File Suspend Permission','ROLE_PROV_SUSPEND_BUILD',5),
(186,NULL,NULL,0,'Build File Reject Permission','ROLE_PROV_REJECT_BUILD',5),
(187,NULL,NULL,0,'Build File Restore Permission','ROLE_PROV_RESTORE_BUILD',5),
(188,NULL,NULL,0,'Build File Delete Permission','ROLE_PROV_DELETE_BUILD',5),
(189,NULL,NULL,0,'Build file Delete permission for the SP','ROLE_PROV_SP_DELETE_BUILD',5),
(190,NULL,NULL,0,'Build file Edit permission for the SP','ROLE_PROV_SP_EDIT_BUILD',5),
(191,NULL,NULL,0,'Build file Approve permission for the Admin','ROLE_PROV_ADMIN_APPROVE_BUILD',5),
(192,NULL,NULL,0,'Build file Reject permission for the Admin','ROLE_PROV_ADMIN_REJECT_BUILD',5),
(193,NULL,NULL,0,'Build file Suspend permission for the Admin','ROLE_PROV_ADMIN_SUSPEND_BUILD',5),
(194,NULL,NULL,0,'Build file Delete permission for the Admin','ROLE_PROV_ADMIN_DELETE_BUILD',5),
(195,NULL,NULL,0,'Build file Restore permission for the Admin','ROLE_PROV_ADMIN_RESTORE_BUILD',5),
(196,NULL,NULL,0,'Build file Upload permission for the SP','ROLE_PROV_SP_UPLOAD_BUILD',5);

INSERT INTO `user_group` VALUES
(1,NULL,NULL,0,'SDP admin group','SDP_ADMIN'),
(2,NULL,NULL,0,'System admin group','SYSTEM_ADMIN'),
(3,NULL,NULL,0,'Corporate users group','CORPORATE_USER'),
(4,NULL,'2011-11-22 20:09:43',1,'Consumer users group','CONSUMER_USER'),
(5,NULL,NULL,0,'Sub corporate users group users group','SUB_CORPORATE_USER'),
(6,NULL,NULL,0,'Customer care users group','CUSTOMER_CARE_USER'),
(7,NULL,NULL,0,'SDP manager users group','SDP_MANAGER');

INSERT INTO `user` VALUES
('User',1,'2011-11-14 15:38:43','2011-11-23 11:34:51',1,'address',NULL,NULL,'\0',NULL,NULL,'2011-11-23 11:34:51','internal',NULL,'hudson@hsenidmobile.com',NULL,'\0','\1','SDP',NULL,NULL,NULL,'2011-11-23 11:25:06','Admin',NULL,NULL,'\0',NULL,'254709725894',NULL,NULL,'\0',NULL,'44bc7b417faef5c8125581ebaf8b8e1e',NULL,NULL,NULL,NULL,'Employed',NULL,'20111114153721713','ACTIVE','ADMIN_USER','sdpadmin',NULL,NULL,NULL,NULL,NULL,NULL,NULL,NULL,NULL,1),
('CorporateUser',2,'2011-11-14 15:38:43','2011-11-23 11:34:51',1,'address',NULL,NULL,'\1',NULL,NULL,'2011-11-23 11:34:51','internal',NULL,'hudson@hsenidmobile.com','93975bc82ba190d9ee117578837bb0f1','\1','\1','Corp',NULL,NULL,NULL,'2011-11-23 11:25:06','Testcorp',NULL,NULL,'\0',NULL,'254709725893','81dc9bdb52d04dc20036dbd8313ed055',NULL,'\0',NULL,'44bc7b417faef5c8125581ebaf8b8e1e',NULL,NULL,NULL,NULL,'Employed',NULL,'20111114153724562','ACTIVE','CORPORATE','testcorp',NULL,NULL,NULL,NULL,NULL,NULL,NULL,NULL,NULL,3),
('User',3,'2011-11-14 15:38:43','2011-11-23 11:34:51',1,'address','1988-03-14 00:00:00',NULL,'\0',NULL,NULL,'2011-11-23 11:34:51','internal',NULL,'hudson@hsenidmobile.com','08f1f3fe40789c62e68d58fe0b954ac7','\0','\1','Consum',NULL,NULL,NULL,'2011-11-23 11:25:06','Testconsum',NULL,NULL,'\0',NULL,'254709725894',NULL,'E12083','\1','Safaricom','44bc7b417faef5c8125581ebaf8b8e1e',NULL,NULL,NULL,NULL,NULL,NULL,'20111114153721715','ACTIVE','INDIVIDUAL','testconsum',NULL,NULL,NULL,NULL,NULL,NULL,NULL,NULL,3,4),
('User',4,'2011-11-14 15:38:43','2011-11-23 11:34:51',1,'address','1988-03-14 00:00:00',NULL,'\0',NULL,NULL,'2011-11-23 11:34:51','internal',NULL,'hudson@hsenidmobile.com','08f1f3fe40789c62e68d58fe0b954ac7','\0','\1','Consum1',NULL,NULL,NULL,'2011-11-23 11:25:06','Testconsum1',NULL,NULL,'\0',NULL,'254709725895',NULL,'E12083','\0','Safaricom','44bc7b417faef5c8125581ebaf8b8e1e',NULL,NULL,NULL,NULL,NULL,NULL,'20111114153721716','INITIAL','INDIVIDUAL','testconsum1',NULL,NULL,NULL,NULL,NULL,NULL,NULL,NULL,4,4);

INSERT INTO `user_group_roles` VALUES (1,1),
(1,2),
(1,25),
(1,26),
(1,27),
(1,28),
(1,29),
(1,30),
(1,31),
(1,32),
(1,33),
(1,34),
(1,35),
(1,95),
(1,97),
(1,98),
(1,99),
(1,100),
(1,104),
(1,105),
(1,106),
(1,107),
(1,108),
(1,109),
(1,110),
(1,111),
(1,113),
(1,114),
(1,115),
(1,116),
(1,117),
(1,119),
(1,121),
(1,122),
(1,124),
(1,125),
(1,126),
(1,128),
(1,129),
(1,130),
(1,134),
(1,146),
(1,147),
(1,148),
(1,149),
(1,150),
(1,151),
(1,152),
(1,153),
(1,154),
(1,155),
(1,156),
(1,157),
(1,158),
(1,159),
(1,160),
(1,161),
(1,162),
(1,163),
(1,164),
(1,165),
(1,166),
(1,168),
(1,169),
(1,170),
(1,171),
(1,172),
(1,173),
(1,174),
(1,175),
(1,176),
(1,177),
(1,180),
(1,181),
(2,1),
(2,7),
(2,8),
(2,9),
(2,10),
(2,11),
(2,12),
(2,13),
(2,14),
(2,15),
(2,16),
(2,17),
(2,18),
(2,19),
(2,20),
(2,21),
(2,22),
(2,23),
(2,24),
(3,1),
(3,4),
(3,5),
(3,6),
(3,36),
(3,37),
(3,38),
(3,39),
(3,40),
(3,41),
(3,42),
(3,43),
(3,44),
(3,45),
(3,46),
(3,47),
(3,48),
(3,49),
(3,50),
(3,95),
(3,96),
(3,98),
(3,99),
(3,101),
(3,102),
(3,103),
(3,109),
(3,112),
(3,113),
(3,114),
(3,116),
(3,118),
(3,120),
(3,123),
(3,127),
(3,131),
(3,132),
(3,133),
(3,134),
(3,166),
(3,168),
(3,169),
(3,171),
(3,173),
(3,180),
(3,181),
(4,1),
(4,36),
(4,37),
(4,38),
(4,39),
(4,40),
(4,41),
(4,42),
(4,43),
(4,44),
(4,45),
(4,46),
(4,47),
(4,48),
(4,49),
(4,134),
(4,167),
(4,182),
(5,1),
(5,116),
(5,134),
(5,168),
(5,169),
(5,171),
(5,173),
(5,180),
(5,181),
(6,1),
(6,25),
(6,26),
(6,27),
(6,28),
(6,29),
(6,30),
(6,31),
(6,32),
(6,33),
(6,34),
(6,35),
(6,36),
(6,37),
(6,38),
(6,41),
(6,42),
(6,43),
(6,44),
(6,45),
(6,46),
(6,47),
(6,48),
(6,49),
(6,134),
(6,177),
(7,1),
(7,25),
(7,26),
(7,27),
(7,28),
(7,29),
(7,30),
(7,31),
(7,32),
(7,33),
(7,34),
(7,35),
(7,146),
(7,147),
(7,148),
(7,149),
(7,150),
(7,151),
(7,152),
(7,153),
(7,154),
(7,155),
(7,156),
(7,157),
(7,158),
(7,159),
(7,160),
(7,161),
(7,162),
(7,163),
(7,164),
(7,165),
(7,166),
(7,167),
(7,177),
(1,191),
(1,192),
(1,193),
(1,194),
(1,195),
(3,189),
(3,190),
(3,196);
